index,category,series,title,sku,image_count,source_document,folder
1,屏蔽服,未分组,500kV带电作业用屏蔽服,HYF-3701,8,产品册---屏蔽服 系列4.15.docx,D:\code\永霏网站项目\site-demo-背景视频\yourfield-next\资料文件\拆分结果\按产品分类\屏蔽服\未分组\001_500kV带电作业用屏蔽服_HYF-3701
2,屏蔽服,未分组,750kV带电作业用屏蔽服,HYF-3702,8,产品册---屏蔽服 系列4.15.docx,D:\code\永霏网站项目\site-demo-背景视频\yourfield-next\资料文件\拆分结果\按产品分类\屏蔽服\未分组\002_750kV带电作业用屏蔽服_HYF-3702
3,屏蔽服,未分组,1000kV带电作业用屏蔽服,HYF-3703,8,产品册---屏蔽服 系列4.15.docx,D:\code\永霏网站项目\site-demo-背景视频\yourfield-next\资料文件\拆分结果\按产品分类\屏蔽服\未分组\003_1000kV带电作业用屏蔽服_HYF-3703
4,屏蔽服,未分组,500kV交流高压静电服,HYF-3901,8,产品册---屏蔽服 系列4.15.docx,D:\code\永霏网站项目\site-demo-背景视频\yourfield-next\资料文件\拆分结果\按产品分类\屏蔽服\未分组\004_500kV交流高压静电服_HYF-3901
5,消防应急,未分组,消防员灭火防护服（作战款）,HYF-5513,9,产品册---消防应急系列4.15.docx,D:\code\永霏网站项目\site-demo-背景视频\yourfield-next\资料文件\拆分结果\按产品分类\消防应急\未分组\001_消防员灭火防护服（作战款）_HYF-5513
6,消防应急,未分组,消防员灭火防护服（指挥款）,HYF-5531,0,产品册---消防应急系列4.15.docx,D:\code\永霏网站项目\site-demo-背景视频\yourfield-next\资料文件\拆分结果\按产品分类\消防应急\未分组\002_消防员灭火防护服（指挥款）_HYF-5531
7,消防应急,未分组,消防员抢险救援服（夏款）,HYF-5221,9,产品册---消防应急系列4.15.docx,D:\code\永霏网站项目\site-demo-背景视频\yourfield-next\资料文件\拆分结果\按产品分类\消防应急\未分组\003_消防员抢险救援服（夏款）_HYF-5221
8,消防应急,未分组,消防员抢险救援服（冬款）,HYF-5219,0,产品册---消防应急系列4.15.docx,D:\code\永霏网站项目\site-demo-背景视频\yourfield-next\资料文件\拆分结果\按产品分类\消防应急\未分组\004_消防员抢险救援服（冬款）_HYF-5219
9,消防应急,未分组,17式森林防火服,HYF-5317,10,产品册---消防应急系列4.15.docx,D:\code\永霏网站项目\site-demo-背景视频\yourfield-next\资料文件\拆分结果\按产品分类\消防应急\未分组\005_17式森林防火服_HYF-5317
10,消防应急,未分组,阻燃扑火服,HYF-5322,2,产品册---消防应急系列4.15.docx,D:\code\永霏网站项目\site-demo-背景视频\yourfield-next\资料文件\拆分结果\按产品分类\消防应急\未分组\006_阻燃扑火服_HYF-5322
11,消防应急,未分组,国家卫生应急服（马甲+裤子）,HYF-5127,2,产品册---消防应急系列4.15.docx,D:\code\永霏网站项目\site-demo-背景视频\yourfield-next\资料文件\拆分结果\按产品分类\消防应急\未分组\007_国家卫生应急服（马甲+裤子）_HYF-5127
12,消防应急,未分组,国家卫生应急服春秋款,HYF-5128,2,产品册---消防应急系列4.15.docx,D:\code\永霏网站项目\site-demo-背景视频\yourfield-next\资料文件\拆分结果\按产品分类\消防应急\未分组\008_国家卫生应急服春秋款_HYF-5128
13,消防应急,未分组,消防员隔热防护服,HYF-9901,2,产品册---消防应急系列4.15.docx,D:\code\永霏网站项目\site-demo-背景视频\yourfield-next\资料文件\拆分结果\按产品分类\消防应急\未分组\009_消防员隔热防护服_HYF-9901
14,消防应急,未分组,消防员防蜂服,HYF-9902,2,产品册---消防应急系列4.15.docx,D:\code\永霏网站项目\site-demo-背景视频\yourfield-next\资料文件\拆分结果\按产品分类\消防应急\未分组\010_消防员防蜂服_HYF-9902
15,消防应急,未分组,一级化学品防护服,HYF-9903,1,产品册---消防应急系列4.15.docx,D:\code\永霏网站项目\site-demo-背景视频\yourfield-next\资料文件\拆分结果\按产品分类\消防应急\未分组\011_一级化学品防护服_HYF-9903
16,消防应急,未分组,干式水域救援服,HYF-9905,11,产品册---消防应急系列4.15.docx,D:\code\永霏网站项目\site-demo-背景视频\yourfield-next\资料文件\拆分结果\按产品分类\消防应急\未分组\012_干式水域救援服_HYF-9905
17,消防应急,未分组,湿式水域救援服,HYF-9906,0,产品册---消防应急系列4.15.docx,D:\code\永霏网站项目\site-demo-背景视频\yourfield-next\资料文件\拆分结果\按产品分类\消防应急\未分组\013_湿式水域救援服_HYF-9906
18,消防应急,以下是参考资料,消防员灭火防护头盔（作战款）,HYF-9102,1,产品册---消防应急系列4.15.docx,D:\code\永霏网站项目\site-demo-背景视频\yourfield-next\资料文件\拆分结果\按产品分类\消防应急\以下是参考资料\014_消防员灭火防护头盔（作战款）_HYF-9102
19,消防应急,未分组,消防员灭火防护头盔（指挥款）,HYF-9101,1,产品册---消防应急系列4.15.docx,D:\code\永霏网站项目\site-demo-背景视频\yourfield-next\资料文件\拆分结果\按产品分类\消防应急\未分组\015_消防员灭火防护头盔（指挥款）_HYF-9101
20,消防应急,未分组,消防手套,HYF-7501,1,产品册---消防应急系列4.15.docx,D:\code\永霏网站项目\site-demo-背景视频\yourfield-next\资料文件\拆分结果\按产品分类\消防应急\未分组\016_消防手套_HYF-7501
21,消防应急,未分组,消防腰带,HYF-9A01,1,产品册---消防应急系列4.15.docx,D:\code\永霏网站项目\site-demo-背景视频\yourfield-next\资料文件\拆分结果\按产品分类\消防应急\未分组\017_消防腰带_HYF-9A01
22,消防应急,未分组,消防员灭火防护靴,HYF-9601,1,产品册---消防应急系列4.15.docx,D:\code\永霏网站项目\site-demo-背景视频\yourfield-next\资料文件\拆分结果\按产品分类\消防应急\未分组\018_消防员灭火防护靴_HYF-9601
23,消防应急,未分组,抢险救援头盔（带护目镜选配）,HYF-9103,1,产品册---消防应急系列4.15.docx,D:\code\永霏网站项目\site-demo-背景视频\yourfield-next\资料文件\拆分结果\按产品分类\消防应急\未分组\019_抢险救援头盔（带护目镜选配）_HYF-9103
24,消防应急,未分组,抢险救援行军帽,HYF-9105,1,产品册---消防应急系列4.15.docx,D:\code\永霏网站项目\site-demo-背景视频\yourfield-next\资料文件\拆分结果\按产品分类\消防应急\未分组\020_抢险救援行军帽_HYF-9105
25,消防应急,未分组,抢险救援防护腰带,HYF-9A02,1,产品册---消防应急系列4.15.docx,D:\code\永霏网站项目\site-demo-背景视频\yourfield-next\资料文件\拆分结果\按产品分类\消防应急\未分组\021_抢险救援防护腰带_HYF-9A02
26,消防应急,未分组,抢险救援防护手套,HYF-7502,1,产品册---消防应急系列4.15.docx,D:\code\永霏网站项目\site-demo-背景视频\yourfield-next\资料文件\拆分结果\按产品分类\消防应急\未分组\022_抢险救援防护手套_HYF-7502
27,消防应急,未分组,抢险救援防护靴,HYF-9602,1,产品册---消防应急系列4.15.docx,D:\code\永霏网站项目\site-demo-背景视频\yourfield-next\资料文件\拆分结果\按产品分类\消防应急\未分组\023_抢险救援防护靴_HYF-9602
28,消防应急,未分组,森林防火头盔,HYF-7101,1,产品册---消防应急系列4.15.docx,D:\code\永霏网站项目\site-demo-背景视频\yourfield-next\资料文件\拆分结果\按产品分类\消防应急\未分组\024_森林防火头盔_HYF-7101
29,消防应急,未分组,森林防火头罩,HYF-5319,1,产品册---消防应急系列4.15.docx,D:\code\永霏网站项目\site-demo-背景视频\yourfield-next\资料文件\拆分结果\按产品分类\消防应急\未分组\025_森林防火头罩_HYF-5319
30,消防应急,未分组,森林防火手套,HYF-7503,1,产品册---消防应急系列4.15.docx,D:\code\永霏网站项目\site-demo-背景视频\yourfield-next\资料文件\拆分结果\按产品分类\消防应急\未分组\026_森林防火手套_HYF-7503
31,消防应急,未分组,护目镜,HYF-7201,1,产品册---消防应急系列4.15.docx,D:\code\永霏网站项目\site-demo-背景视频\yourfield-next\资料文件\拆分结果\按产品分类\消防应急\未分组\027_护目镜_HYF-7201
32,消防应急,未分组,应急背囊,HYF-9A03,1,产品册---消防应急系列4.15.docx,D:\code\永霏网站项目\site-demo-背景视频\yourfield-next\资料文件\拆分结果\按产品分类\消防应急\未分组\028_应急背囊_HYF-9A03
33,消防应急,未分组,防火靴,HYF-9603,1,产品册---消防应急系列4.15.docx,D:\code\永霏网站项目\site-demo-背景视频\yourfield-next\资料文件\拆分结果\按产品分类\消防应急\未分组\029_防火靴_HYF-9603
34,消防应急,未分组,扑火鞋,HYF-9605,1,产品册---消防应急系列4.15.docx,D:\code\永霏网站项目\site-demo-背景视频\yourfield-next\资料文件\拆分结果\按产品分类\消防应急\未分组\030_扑火鞋_HYF-9605
35,消防应急,未分组,水域救援头盔,HYF-9106,1,产品册---消防应急系列4.15.docx,D:\code\永霏网站项目\site-demo-背景视频\yourfield-next\资料文件\拆分结果\按产品分类\消防应急\未分组\031_水域救援头盔_HYF-9106
36,消防应急,未分组,水域救援手套,HYF-9503,1,产品册---消防应急系列4.15.docx,D:\code\永霏网站项目\site-demo-背景视频\yourfield-next\资料文件\拆分结果\按产品分类\消防应急\未分组\032_水域救援手套_HYF-9503
37,消防应急,未分组,激流救生衣,HYF-9907,1,产品册---消防应急系列4.15.docx,D:\code\永霏网站项目\site-demo-背景视频\yourfield-next\资料文件\拆分结果\按产品分类\消防应急\未分组\033_激流救生衣_HYF-9907
38,消防应急,未分组,水域救援靴,HYF-9609,1,产品册---消防应急系列4.15.docx,D:\code\永霏网站项目\site-demo-背景视频\yourfield-next\资料文件\拆分结果\按产品分类\消防应急\未分组\034_水域救援靴_HYF-9609
39,消防应急,未分组,大音量救生口哨,HYF-9A06,1,产品册---消防应急系列4.15.docx,D:\code\永霏网站项目\site-demo-背景视频\yourfield-next\资料文件\拆分结果\按产品分类\消防应急\未分组\035_大音量救生口哨_HYF-9A06
40,消防应急,未分组,水域救援割绳刀,HYF-9A07,1,产品册---消防应急系列4.15.docx,D:\code\永霏网站项目\site-demo-背景视频\yourfield-next\资料文件\拆分结果\按产品分类\消防应急\未分组\036_水域救援割绳刀_HYF-9A07
41,消防应急,未分组,牛尾绳,HYF-9A08,1,产品册---消防应急系列4.15.docx,D:\code\永霏网站项目\site-demo-背景视频\yourfield-next\资料文件\拆分结果\按产品分类\消防应急\未分组\037_牛尾绳_HYF-9A08
42,热防护,A款阻燃服标品款,A级阻燃春秋分体套装,HYF-3163,7,产品册——热防护4.15.docx,D:\code\永霏网站项目\site-demo-背景视频\yourfield-next\资料文件\拆分结果\按产品分类\热防护\A款阻燃服标品款\001_A级阻燃春秋分体套装_HYF-3163
43,热防护,B款阻燃服标品款,B级阻燃春秋分体套装,HYF-3102,7,产品册——热防护4.15.docx,D:\code\永霏网站项目\site-demo-背景视频\yourfield-next\资料文件\拆分结果\按产品分类\热防护\B款阻燃服标品款\002_B级阻燃春秋分体套装_HYF-3102
44,热防护,A级阻燃服定制款(图片还在生成中）,A级阻燃春秋分体套装,HYF-3165,0,产品册——热防护4.15.docx,D:\code\永霏网站项目\site-demo-背景视频\yourfield-next\资料文件\拆分结果\按产品分类\热防护\A级阻燃服定制款(图片还在生成中）\003_A级阻燃春秋分体套装_HYF-3165
45,热防护,熔融金属飞溅服标品款,防喷溅分体套装,HYF-3542,5,产品册——热防护4.15.docx,D:\code\永霏网站项目\site-demo-背景视频\yourfield-next\资料文件\拆分结果\按产品分类\热防护\熔融金属飞溅服标品款\004_防喷溅分体套装_HYF-3542
46,热防护,阻燃防静电服标品款1,阻燃防静电全棉秋季套装,HYF-33106,4,产品册——热防护4.15.docx,D:\code\永霏网站项目\site-demo-背景视频\yourfield-next\资料文件\拆分结果\按产品分类\热防护\阻燃防静电服标品款1\005_阻燃防静电全棉秋季套装_HYF-33106
47,热防护,阻燃防静电服标品款2,阻燃防静电夏季套装,HYF-33107,4,产品册——热防护4.15.docx,D:\code\永霏网站项目\site-demo-背景视频\yourfield-next\资料文件\拆分结果\按产品分类\热防护\阻燃防静电服标品款2\006_阻燃防静电夏季套装_HYF-33107
48,热防护,防静电服标品款1,防静电夏季分体套装,HYF-6106,2,产品册——热防护4.15.docx,D:\code\永霏网站项目\site-demo-背景视频\yourfield-next\资料文件\拆分结果\按产品分类\热防护\防静电服标品款1\007_防静电夏季分体套装_HYF-6106
49,热防护,防静电服标品款2,防静电夏季连体服,HYF-6102,2,产品册——热防护4.15.docx,D:\code\永霏网站项目\site-demo-背景视频\yourfield-next\资料文件\拆分结果\按产品分类\热防护\防静电服标品款2\008_防静电夏季连体服_HYF-6102
50,热防护,防静电服标品款3,防静电春秋分体套装,HYF-6107,2,产品册——热防护4.15.docx,D:\code\永霏网站项目\site-demo-背景视频\yourfield-next\资料文件\拆分结果\按产品分类\热防护\防静电服标品款3\009_防静电春秋分体套装_HYF-6107
51,热防护,A级焊接服标品款1(配件还在完善中，会加入焊接眼镜）,A级焊接服,HYF-3241,7,产品册——热防护4.15.docx,D:\code\永霏网站项目\site-demo-背景视频\yourfield-next\资料文件\拆分结果\按产品分类\热防护\A级焊接服标品款1(配件还在完善中，会加入焊接眼镜）\010_A级焊接服_HYF-3241
52,热防护,B级焊接服标品款2(配件还在完善中，会加入焊接眼镜）,B级焊接服,HYF-3244（墨绿）、HYF-3230（藏蓝）,7,产品册——热防护4.15.docx,D:\code\永霏网站项目\site-demo-背景视频\yourfield-next\资料文件\拆分结果\按产品分类\热防护\B级焊接服标品款2(配件还在完善中，会加入焊接眼镜）\011_B级焊接服_HYF-3244（墨绿）、HYF-3230（藏蓝）
53,热防护,A级焊接服定制款,A级焊接服,待定,0,产品册——热防护4.15.docx,D:\code\永霏网站项目\site-demo-背景视频\yourfield-next\资料文件\拆分结果\按产品分类\热防护\A级焊接服定制款\012_A级焊接服_待定
54,热防护,B级焊接服定制款,B级空调焊接服,HYF-3243（藏蓝）,0,产品册——热防护4.15.docx,D:\code\永霏网站项目\site-demo-背景视频\yourfield-next\资料文件\拆分结果\按产品分类\热防护\B级焊接服定制款\013_B级空调焊接服_HYF-3243（藏蓝）
55,防电弧服,1级防电弧服标品款,1级防电弧服（衬衫款）,HYF-3801,2,产品册——防电弧服（最终版）.docx,D:\code\永霏网站项目\site-demo-背景视频\yourfield-next\资料文件\拆分结果\按产品分类\防电弧服\1级防电弧服标品款\001_1级防电弧服（衬衫款）_HYF-3801
56,防电弧服,1级防电弧服标品款,1级防电弧服（夹克款）,HYF-3802,3,产品册——防电弧服（最终版）.docx,D:\code\永霏网站项目\site-demo-背景视频\yourfield-next\资料文件\拆分结果\按产品分类\防电弧服\1级防电弧服标品款\002_1级防电弧服（夹克款）_HYF-3802
57,防电弧服,2级防电弧服标品款,2级防电弧服（夹克款）,HYF-3853,5,产品册——防电弧服（最终版）.docx,D:\code\永霏网站项目\site-demo-背景视频\yourfield-next\资料文件\拆分结果\按产品分类\防电弧服\2级防电弧服标品款\003_2级防电弧服（夹克款）_HYF-3853
58,防电弧服,2级防电弧服标品款,2级防电弧服（大褂款）,HYF-3809,2,产品册——防电弧服（最终版）.docx,D:\code\永霏网站项目\site-demo-背景视频\yourfield-next\资料文件\拆分结果\按产品分类\防电弧服\2级防电弧服标品款\004_2级防电弧服（大褂款）_HYF-3809
59,防电弧服,3级防电弧服标品款,3级防电弧服（夹克款）34cal,HYF-3819,5,产品册——防电弧服（最终版）.docx,D:\code\永霏网站项目\site-demo-背景视频\yourfield-next\资料文件\拆分结果\按产品分类\防电弧服\3级防电弧服标品款\005_3级防电弧服（夹克款）34cal_HYF-3819
60,防电弧服,3级防电弧服标品款,3级防电弧服（大褂、背带裤款）34cal,HYF-3821/HYF-3856,6,产品册——防电弧服（最终版）.docx,D:\code\永霏网站项目\site-demo-背景视频\yourfield-next\资料文件\拆分结果\按产品分类\防电弧服\3级防电弧服标品款\006_3级防电弧服（大褂、背带裤款）34cal_HYF-3821-HYF-3856
61,防电弧服,4级防电弧服标品款,4级防电弧服（夹克款）41cal,HYF-3826,5,产品册——防电弧服（最终版）.docx,D:\code\永霏网站项目\site-demo-背景视频\yourfield-next\资料文件\拆分结果\按产品分类\防电弧服\4级防电弧服标品款\007_4级防电弧服（夹克款）41cal_HYF-3826
62,防电弧服,4级防电弧服标品款,4级防电弧服（大褂、背带裤款）41cal,HYF-3827/HYF-3828,6,产品册——防电弧服（最终版）.docx,D:\code\永霏网站项目\site-demo-背景视频\yourfield-next\资料文件\拆分结果\按产品分类\防电弧服\4级防电弧服标品款\008_4级防电弧服（大褂、背带裤款）41cal_HYF-3827-HYF-3828
63,防电弧服,定制款,4级防电弧服（大褂、背带裤款）80cal,HYF-3841/HYF-3842,7,产品册——防电弧服（最终版）.docx,D:\code\永霏网站项目\site-demo-背景视频\yourfield-next\资料文件\拆分结果\按产品分类\防电弧服\定制款\009_4级防电弧服（大褂、背带裤款）80cal_HYF-3841-HYF-3842
64,防电弧服,定制款,250g 16CAL橙色防电弧大褂,HYF-3893,2,产品册——防电弧服（最终版）.docx,D:\code\永霏网站项目\site-demo-背景视频\yourfield-next\资料文件\拆分结果\按产品分类\防电弧服\定制款\010_250g 16CAL橙色防电弧大褂_HYF-3893
65,洁净服,主推产品册模版：,连帽洁净大褂,HYF-6A06,6,产品册模版-洁净服4.10.docx,D:\code\永霏网站项目\site-demo-背景视频\yourfield-next\资料文件\拆分结果\按产品分类\洁净服\主推产品册模版：\001_连帽洁净大褂_HYF-6A06
66,洁净服,未分组,三连 体插肩袖洁净服,HYF-6A06,4,产品册模版-洁净服4.10.docx,D:\code\永霏网站项目\site-demo-背景视频\yourfield-next\资料文件\拆分结果\按产品分类\洁净服\未分组\002_三连 体插肩袖洁净服_HYF-6A06
67,洁净服,未分组,生物制药分体洁净服,HYF-6A45,3,产品册模版-洁净服4.10.docx,D:\code\永霏网站项目\site-demo-背景视频\yourfield-next\资料文件\拆分结果\按产品分类\洁净服\未分组\003_生物制药分体洁净服_HYF-6A45
68,洁净服,未分组,生物制药用三连体洁净服,HYF-6A27,1,产品册模版-洁净服4.10.docx,D:\code\永霏网站项目\site-demo-背景视频\yourfield-next\资料文件\拆分结果\按产品分类\洁净服\未分组\004_生物制药用三连体洁净服_HYF-6A27
69,洁净服,未分组,一次性工业防护服,HYF-6811,1,产品册模版-洁净服4.10.docx,D:\code\永霏网站项目\site-demo-背景视频\yourfield-next\资料文件\拆分结果\按产品分类\洁净服\未分组\005_一次性工业防护服_HYF-6811
